id, user, message, status
1080423038603137024,jendevuk,"jennierazzi: wels_kim8 Protect from antis, malicious commenters &amp; those who spread fake news :)",FOR_REVIEW
1080423050007306240,BroncoBilly699,@Beantari @RyanHillMI @realDonaldTrump That's why he beat Hillary. You should not be watching the fake media and tune into Fox News.,FOR_REVIEW
1080423060220522496,gbanerjee10,"@sardanarohit @aajtak Where is the proof..?
Some fabricated docs/videos/tapes...designed &amp; manufactured by its pai  https://t.co/UteRbbUTK1",FOR_REVIEW
1080423071402655744,folara25gunner,@AcquiantedX @Ohmsmaestro @EnvuluMonday @AishaYesufu Wat if d hospital were she wrongly mention was burnt down and  https://t.co/Pb96Ks8DX0,FOR_REVIEW
1080423135940349952,ShawtyMonroe_,...what a joke     ,FOR_REVIEW
1080423155955580929,lewlew41986,@LeeGunner82 Apparently its 100% fake to some but why would this be plastered all. Over sky sports news https://t.co/Jp6u3KUhjC,FOR_REVIEW
1080423157813645312,Jeffers87592549,@ElkeStreit Fake News,FOR_REVIEW
1080423175807213568,SPatel1021,@realDonaldTrump FAKE news provided by YOURSELF! U gave the list to be published and u go bragging about it!?? Dude  https://t.co/JdhtSGYZgK,FOR_REVIEW
1080423218295566336,KingYormidey,@foliweezy23 @SkySportsNewsdh @ChelseaFC @willianborges88 The news is fake bro,FOR_REVIEW
1080423244144857088,Senior_Pst,@MediaObserverKE @MediaCouncilK @KenyaEditors @PeopleDailyKe @NationBreaking @KUJ_Kenya @DavidOmwoyo @vicbwire  https://t.co/8uVInbiuRz,FOR_REVIEW
1080423263451402240,DMCbySAM,Happy New Year! RT.,FOR_REVIEW
1080423293449134085,MarcalexCool,SSP Event Summary    Facts vs. Fake News: Who Decides What is True? https://t.co/o1EXOoNgYf,FOR_REVIEW
1080423295613366272,HonNonny,@Foluwaso_ @TRACYNITHERNICO These fake news thingy was supposed tp end with 2018... Obviously aome strong headed on  https://t.co/MZFjmviu5S,FOR_REVIEW
1080423301737009153,Writer_Big,"#msnbc is all over this ""Concrete Wall"" thing.
Maybe someone should update them on what's happening with the WALL.  https://t.co/aEsFmMel1i",FOR_REVIEW
1080423303045476354,ALlANOVNABARNES,@ american mutuals this y'all's president? IM WHEEZINFNEJDN,FOR_REVIEW
1080423317205594112,jennierfubyjane,"wels_kim8 Protect from antis, malicious commenters &amp; those who spread fake news :)",FOR_REVIEW
1080423319151742976,KevPoncho,@SaenzPhoto @DNC @NancyPelosi @SenFeinstein @KamalaHarris Fake news because white males kill more cops then any race,FOR_REVIEW
1080423363691012096,migigonda,i tried to help my friends who took the dcat hahaha welp fake news nabigay q,FOR_REVIEW
1080423363972091911,SuperLadin94,Mandman     ,FOR_REVIEW
1080423469408497669,LouiseWhilde,Aided by complicit news organisations ahead of the brexit vote.  https://t.co/cPdIu9mXK5 via @SocialistWorker,FOR_REVIEW
1080423490161963013,BrooklynPrivat1,@SixtyCycles @realDonaldTrump Agree GOP and Dems both black votes. Bit blacking the votes and then blaming Trump fo  https://t.co/JPNuM57vVo,FOR_REVIEW
1080423544683544576,reroll,@guardian In my whole life i have only seen racist and sexist articles in fake news @guardian.,FOR_REVIEW
1080423550488625153,fpnews123,Hackers used fake wax hand to fool vein authentication security https://t.co/rDI94p3I9l https://t.co/RquzlRSnvp,FOR_REVIEW
1080423557941719040,Senior_Pst,@MediaObserverKE @MediaCouncilK @KenyaEditors @KBCChannel1 @StandardKenya @KUJ_Kenya @DavidOmwoyo @vicbwire  https://t.co/cK6hpOJOMm,FOR_REVIEW
1080423560588480512,lawsonjamesblog,Hackers used fake wax hand to fool vein authentication security https://t.co/qy0M2D5Zwt https://t.co/vxtSg6GF8B,FOR_REVIEW
1080423562836619264,AishaYesufu,How can a man with brain allow himself be told he would be given such paltry appointment and become an attack dog w  https://t.co/47q8W231HQ,FOR_REVIEW
1080423563314778112,kumarakash1110,@SidAAP deperation,FOR_REVIEW
1080423570344497153,donaldtrumpgist,Hackers used fake wax hand to fool vein authentication security https://t.co/KZqKkbFCm6 https://t.co/T4CShBRkzY,FOR_REVIEW
1080423579265781761,allsocialforums,Hackers used fake wax hand to fool vein authentication security https://t.co/WMTHRMpIbC https://t.co/VvYwVVPKog,FOR_REVIEW
1080423582273073152,MarciaAndreaa,@lizcdop Fake news  ,FOR_REVIEW
1080423583833313280,Wel_Being,BBC News - Elderly 'under siege' from fake HMRC and police scammers https://t.co/dXkZDpzrIs,FOR_REVIEW
1080423588681834501,JSteinheiser,@RealJamesWoods @Feisty_FL I bet it was water. Just more fake news to end the year,FOR_REVIEW
1080423594314870789,VMDoggi_CEO,I added a video to a @YouTube playlist https://t.co/pwe7Muslj0 The Best Donald Trump Memes - Totally Not Fake News,FOR_REVIEW
1080423616607596544,rosey_rice,@gtconway3d fake news,FOR_REVIEW
1080423635498745856,doctorbimbu,What a time to be alive,FOR_REVIEW
1080423656344481792,StevenMovit,Without watching Fox News you would still think you lived in a free country The rest of the FAKE NEWS lies to you 2  https://t.co/9nRPVcE1Rf,FOR_REVIEW
1080423662736547840,Serenawilliamsg,Hackers used fake wax hand to fool vein authentication security https://t.co/vWxc73MCIq https://t.co/cTEXEIniHQ,FOR_REVIEW
1080423673859837952,EnterNations,Hackers used fake wax hand to fool vein authentication security https://t.co/EzuJ0cGSjE https://t.co/3QmCtDautG,FOR_REVIEW
1080423684362387456,ArsenaIEditor,"@cfcriley @uhgfx7 @RunReissRun @CynicalLive In the past he has, recently I've only seen links to United. We're link  https://t.co/usH6sBcP8f",FOR_REVIEW
1080423702196449280,Aam_Nationalist,"@laxmisagarnitw @ashoswai @sanjukta @arungiri Like Modi bhakts, Congressi trolls are fake news peddlers ...listen t  https://t.co/JOpgjUyXah",FOR_REVIEW
1080423731258900480,AlbertsonJaclyn,I don t think I ve ever seen a president tweet the way this one does. It s shocking.,FOR_REVIEW
1080423759830499332,LucyLou62280461,@sasquatchtango @realDonaldTrump @jairbolsonaro Not true!! A lot of gay people vote Bolsonaro. I have personal frie  https://t.co/XCWPXnlyHX,FOR_REVIEW
1080423781536067584,EliShagoury,@maga_model @fro2451 @realDonaldTrump Yeah CNN is fake news though,FOR_REVIEW
1080423808664784896,texastrumper,"You go,Cat!",FOR_REVIEW
1080423812427071488,SOS12017,"@Morning_Joe Goodbye Mika, I changed the channel. You are FAKE NEWS!!!!!!!!",FOR_REVIEW
1080423819406442496,StateTakes,@Angry_Bender @LB2416 @steelers I think all he basically said that this is all fake news or I have no idea what you're talking about.,FOR_REVIEW
1080423945336221696,igornunes80,@amandafaudi you are fake news.,FOR_REVIEW
1080423966647439360,HalKenoz,I liked a @YouTube video https://t.co/RGCzQGZgv4 The Alex Jones Young Turks Operative Emma Vigeland Falsely Claims Infowars Fake News,FOR_REVIEW
1080423986532630530,suthrnbelle2424,but the people in dc dont because trump is not a career politician  so THEY gotta get him BEFORE he finds out all t  https://t.co/RWz4uhqMLP,FOR_REVIEW
1080424002068332544,edwardburgess1,fake news Olivia Newton-John's manager denies Grease star 'only has weeks to live' https://t.co/HiVEuNdNva,FOR_REVIEW
1080424042799267840,MarcalexCool,SSP Event Summary    Facts vs. Fake News: Who Decides What is True? https://t.co/p7NwqA5KxP,FOR_REVIEW
1080424063644905473,RTsensei,@shreeite fake news,FOR_REVIEW
1080424096461139969,ZManjra123,@harryslavin Thought Pulisic to Liverpool was a done deal. Now he signs for Chelsea. Fake News again!,FOR_REVIEW
1080424119294935040,Abdulrahmanleme,"The @realDonaldTrump fake news media won't show you!

Absolutely on point!",FOR_REVIEW
1080424167688810496,emjayunit,@MrFixNigeria @adeyanjudeji I do not want to take a slap for this man spreading Fake News and Hate speeches everywhere,FOR_REVIEW
1080424192691064832,madspots,the fuck have i just read,FOR_REVIEW
1080424200773328897,SHELBY_PLETCHER,As far as the news shows over the last 2 years. POTUS Obama and the FBI knew Russia had attacked us cyber attacking  https://t.co/gUlUwlhb6x,FOR_REVIEW
1080424230452383745,angelasi10,"""Trump derangement syndrome"". Can't wait until they start teaching that one in med school.",FOR_REVIEW
1080424245447020544,AishaYesufu,You see i didn't tweet about these things not because they are not true but because they can be called fake news or  https://t.co/XdusBehhTz,FOR_REVIEW
1080424271762022403,dkv1949,"@INCIndia
@rssurjewala
In the light of categorical denial from Sh.Parikkar about what @RahulGandhi
was saying in  https://t.co/m6sPBozlVX",FOR_REVIEW
1080424311696039937,officialandyb24,Fake News.... I can't believe that Mike Ashley would sanction such a thing for free,FOR_REVIEW
1080424322316070912,Portland_jet,"@JDugudichi @GanyonBluff Do you remember the Yellow River incident caused by the Obama Regime?
Fake News tried to k  https://t.co/eCw6i3OAkb",FOR_REVIEW
1080424343757357056,lardyc7,"@WMASHART @josh_paramedic Sorry this is fake news, their trousers are outside their boots, that ain t no HART team!",FOR_REVIEW
1080424345816743936,chefs53,@mikegalsworthy @ChukaUmunna Fake news,FOR_REVIEW
1080424357694971906,mja11842,Fake news CNN strikes again,FOR_REVIEW
1080424422459170818,AudaciousQuest,@baisabikaner1 @rahulkanwal He is mocking RG with fake news? This guy needs to get a reality check. I guess he has  https://t.co/4paG4f4i94,FOR_REVIEW
1080424436606455808,tech2eets,#ScarlettJohansson has spoken out against #Deepfake highlighting the most alarming aspect of the notorious technolo  https://t.co/88nd0sl192,FOR_REVIEW
1080424450842075137,b1gbud4,"I don't care what the fake news media and Corrupt Democrats say about Our POTUS
It will never change my mind about  https://t.co/oicBAEE0mp",FOR_REVIEW
1080424462632275968,Em_em_chan_8,"@DinMarie1092 It's fake news! The site post mostly satire articles about Japan. We were fooled at first, too.",FOR_REVIEW
1080424481091448832,Science_McTesty,Actual president of america tweets all caps rant referring to  haters  and  fake news media  and we all just go  wh  https://t.co/69OyKLvQG6,FOR_REVIEW
1080424503447113728,souljamanebih,me when i m manic,FOR_REVIEW
1080424507037437953,LarryPgmxcom2,"@Cameron_Gray ROTLMAO, look another actress with AA degree wow that must have been really hard for her to achieve.  https://t.co/tcmaK6SOcW",FOR_REVIEW
1080424567775117313,DonnaAl98318626,"@MSNBC Always the negative what about the positives??? Fake News, you guys are a joke",FOR_REVIEW
1080424599937003520,GazR80696864,@MorelandJo @jeanhoodauthor @Victori56708283 @Channel4News But we we are still in the EU and we all voted as member  https://t.co/g1APObYwLC,FOR_REVIEW
1080424631566249985,CofEnugu,"Jackson ude = FAKE NEWS MERCHANT .

shoe documents or call out the names . Huge coward",FOR_REVIEW
1080424644509872129,Humayoonbabur,@NajmaZala Like a fake news,FOR_REVIEW
1080424659399729158,PlayStationHaX,PSA: Be Aware Of These Fake Devs And Scammers - PlayStation Scene News - PlayStationHaX https://t.co/DxrUim6lWI https://t.co/MynpqFJd19,FOR_REVIEW
1080424686150971392,Drbob444,@turnin2 Just one guy s opinion....more Fake News! ,FOR_REVIEW
1080424687560204288,AlexScouse13,"@peoplesvote_uk Proper fake news I m a member haven t been asked no other members I know have been asked, I d love  https://t.co/hZmXR6Pv1D",FOR_REVIEW
1080424726831476736,NiharRa9026843,"@Abhijitsen001 @pbhushan1 Though Parrikar ji denied it categorically, these bloody fake news paddlers trying to mak  https://t.co/zermYtco1h",FOR_REVIEW
1080424778849308672,mr_jonestweets,@DjrReid Fake news?,FOR_REVIEW
1080424798482763777,EMahmoudSoliman,The University of South Africa (Unisa) is warning students to be aware of fake online registration sites.  https://t.co/N4zP1rM5JR,FOR_REVIEW
1080424802228281345,PaulMugume_,"@eomongin @Gilespies My point was that a parallel Association was forming.

You said it was Fake News until it wasn  https://t.co/qWFMWDSe8M",FOR_REVIEW
1080424804476469249,jdleavesley,15M NHS patients fail to turn up for appointments... really?  What a load of rubbish.  #FakeNews #NHSMillions,FOR_REVIEW
1080424804891602944,raphaellaN,"Fake News Awards. Today s media are full-blown gangsters   liars, extortionists, and champions of violence.",FOR_REVIEW
1080424849858650113,shaneyhudson,1984 much? (Would he even get the reference?),FOR_REVIEW
1080424853860163584,dvjrn,@GiveThemEl_ @Jordan_Sather_ I'm not telling you to shut up or calling you fake news. I'm talking to CNN.  ,FOR_REVIEW
1080424905047388165,reroll,@kristina_wong What a stupid line from fake news @nytimes.,FOR_REVIEW
1080424907777945600,by_caballero,@realDonaldTrump @jairbolsonaro You and him both were literally elected by Fake News.  I hope you sent Bannon a nic  https://t.co/iVCBFA81Ko,FOR_REVIEW
1080424934944456709,asd33447,@sorokinf1 @kjgjneirf fake news....,FOR_REVIEW
1080424965273313280,BillEaster10,You were the top fake news story of the year is far as I'm concerned. As well as Fox News and everybody else that w  https://t.co/8o1XgQT8l4,FOR_REVIEW
1080424967282614272,khalidmovic,"PDP s agenda is built on lies and fake news !!!

God Safe Us !!!",FOR_REVIEW
1080425011436048384,Lord_Dbk,Fake News this was during demolition of the mediocre bridge,FOR_REVIEW
1080425036312440832,tonymacaroni,@PmMulhern I have. It isn t true. The 97% figure (it s actually 98%) comes from Climate Scientists worldwide via va  https://t.co/ehkvnlXsPM,FOR_REVIEW
1080425059313954817,louisa_baldwin,Warning issued over fake prize draw texts from #Norwich Asda https://t.co/cjkWIOuDsc,FOR_REVIEW
1080425068235292672,johnorourke43,@KansasCity1980 @writemombritt Who believes cnn fake news network,FOR_REVIEW
1080425085968834560,2050CyberSurfer,President #Trump ushered in 2019 in characteristic fashion -- with a tweet expressing supreme confidence in himself  https://t.co/GYFoXpJgZk,FOR_REVIEW
1080425138271731712,vss31,"This is unbelievable. If it is not stopped, we risk destroying our world!",FOR_REVIEW
1080425144810643456,donlarenzo1,@JeffOkoroafor @aishambuhari @MBuhar I think a hypocrite is someone who posted a wrong information but could not ev  https://t.co/TqPp4kq5Nb,FOR_REVIEW
1080425145716613120,chevytough69,@Prester_Jane @CalebJHull Sounds like someone has had a few drinks too many already this year. Turn off FAKE NEWS C  https://t.co/1bXesABbSd,FOR_REVIEW
1080425154365308933,Carl_Marois,Fake @SkyNews,FOR_REVIEW
1080425163823476736,helllolucy,Ok I ve been read but that s fake news tbh I just can t be arsed with other people,FOR_REVIEW
1080425201735790592,YorkTories,@Andrew_Adonis spreading fake news.,FOR_REVIEW
1080425235168530432,JayJMurphy,@MSNBC @CNN @donlemon @andersoncooper @wolfblitzer @ChrisCuomo great work LOLOL,FOR_REVIEW
1080425254122446848,saransh2334,@DrGPradhan @narendramodi And we will loose all the entertainment of fake news from Lutyens. My YouTube channel wil  https://t.co/eJYcIDt4jZ,FOR_REVIEW
1080425256404152321,vinsenhomer,"FAKE NEWS

memes are the most addictive substance",FOR_REVIEW
1080425306014531584,rexpault,@Lisianthus @realDonaldTrump No doubt but he just passes it off as fake news and his followers believe him,FOR_REVIEW
1080425314851930114,kuffarophobia,"@lizziedearden Well Lizzie, Tommy is generally right. You snowflakes would sweep it under the carpet if you could. Fake news",FOR_REVIEW
1080425321592246274,frickers55,"@MSNBC More fake news propaganda. The question Is, was other countries getting rich and prosperous without the tarr  https://t.co/wSvxphELda",FOR_REVIEW
1080425323559374849,xusescot,This 'Most Labour' members nonsense is the biggest fake news in a while. Polling 1000 labour members and actually a  https://t.co/htCwpAN4Mw,FOR_REVIEW
1080425366471274496,oakridge755,Yes great things like the awakening of the American people. Like the recognition that u are a wannabe leader intent  https://t.co/OcBK3t6TRf,FOR_REVIEW
1080425374364979200,HonestWorld300,"@NOS Fake News !
Nirmand kent hem",FOR_REVIEW
1080425428408504320,jeanneboh,[FAKE NEWS] Exposed - This Is Why Trump Calls Them Fake - Project Mockin... https://t.co/xENzIgQf2X via @YouTube,FOR_REVIEW
1080425437921230849,TripeUK,@JohannShiel Let's check the facts first. https://t.co/BSZY237zXI,FOR_REVIEW
1080425455298195456,prayingbrit,@Thomist_Al @boethiustertius @inflammateomnia @wrathofgnon 6T is awesome this is fake news,FOR_REVIEW
1080425467012886528,Don7La,"@realDonaldTrump Where was your last assignment? Wasn't it in a doctor's office generating ""fake news"" about a BONE SPUR?",FOR_REVIEW
1080425517084377088,GarryDa94845517,@form0sa @abcnews Fake news rules in the lefty universe  where emotions take precedence over fact and mature engage  https://t.co/twgm1AJS59,FOR_REVIEW
1080425529050832896,CallForClimate,"@johnthackeray Stop spreading fake news -- and old fake news at that.

https://t.co/v8RqcayuK0",FOR_REVIEW
1080425542132756481,kaptankantot,@AbbYoLyn @BellzWebster @FrBower @FatherBob @chriskkenny @AlexanderDowner Fake news. Absolute bullshit. They have p  https://t.co/KLUpovjgXH,FOR_REVIEW
1080425550865297409,maddidawn,can t wait to grab 2019 by the pussy ,FOR_REVIEW
1080425555147788288,JerryDelish,@CNN 6. Fake News,FOR_REVIEW
1080425592825229312,Everyday_Man,@SilverSpoonLDN Talk about fake news!!,FOR_REVIEW
1080425626027388928,Pronto04539423,@CNN Fake news seems addictive to CNN,FOR_REVIEW
1080425648621969408,rajesh_777r,@pratheesh_ahp @basu_raj001 @ReclaimTemples @lotophagus @prasannavishy @PartyVillage017 @hindustanirash  https://t.co/LbzzTeorIt,FOR_REVIEW
1080425665617375232,AishaYesufu,"Kayode Ogundamisi @ogundamisi i hope from my little tutorial and examples you now know what Fake news is, which is  https://t.co/ClYiF9iMC0",FOR_REVIEW
1080425673976496128,dead_grotty,@SheltieMac @tomwatson @armandodkos @powellnyt Only $4700 worth of Russian accounts  has been found after their tho  https://t.co/eQHuRYrJgU,FOR_REVIEW
1080425750107471872,s_maxnelchris,Old #fake news,FOR_REVIEW
1080425762036072448,Nate18977513,"@H2Pandora @Cal3Pat @realDonaldTrump Yeah. They said so on Fox.

Apparently, empirical observations are FAKE NEWS!",FOR_REVIEW
1080425795179421696,PubNBlogLl,"Just like fake news, fake followers are a massive problem on social media. Not only can having a lot of fake follow  https://t.co/gaXNBFq7NG",FOR_REVIEW
1080425834656223232,LaxmanBinani,"@nsitharaman Is this true that your daughter in pic , service for defence?? Or this is fake news on WhatsApp?? https://t.co/1oITZoorfA",FOR_REVIEW
1080425845246746624,MrinalChatter15,"@SuPriyoBabul @narendramodi Don t go for audio tape , carry on parliament, congress is distabilaized the parliament session with fake news",FOR_REVIEW
1080425865891270657,asd33447,@latypovv45 fake news....,FOR_REVIEW
1080425902637498368,lndlvry1,@RyanHillMI FAKE NEWS If You can t SEE anything positive that President Trump has done for the Country than YOUR IN  https://t.co/B3drn0un00,FOR_REVIEW
1080425907859406850,Lucania007,@dammiedammie35 @Iam_mayorkush @ManUtd That is fake news na check again   ,FOR_REVIEW
1080425913479778305,tepid_tea123,so in other news trump definitely isn t mentally spiraling; NOTHING TO SEE HERE. Hoowee. He in that hotseat boiii !!,FOR_REVIEW
1080425919393746947,cha0switch,"This is the president, ladies and gents.",FOR_REVIEW
1080425945083850752,SeniorCosta1939,"@brianstelter Your HORRIBLE NETWORK, @CNN was whining about not having umbrellas...

At least, that s what I heard.  https://t.co/WT9mBVU9BD",FOR_REVIEW
1080425958384025601,ashashakano,@ibrahim_dalibi @Ayourb @Mr_JAGs @iameneji Lol $500b guy abeg u guys  should  stop spoiling Buhari's  name with fak  https://t.co/BQqoVR5QYu,FOR_REVIEW
1080425962943049728,ron_strasheim,"I really am looking forward to this year Mr. president for the wall, and I really want something done about health  https://t.co/yNTz35OFpi",FOR_REVIEW
1080425974251089920,BiIndia,"Trump sends all-caps New Year's tweet wishing 'HAPPY NEW YEAR TO EVERYONE, INCLUDING THE HATERS AND THE FAKE NEWS M  https://t.co/lT1llhXPn5",FOR_REVIEW
1080425979699490818,love_mr_wrong_,This man is comedy   he is a savage. Happy New Year President Trump.,FOR_REVIEW
1080426040118394881,enbritely,"Here s today s @adexchanger's news round-up: F Is For Fake, Uncle Samazon, Influencers  Paycheck Problem, Disinform  https://t.co/YQGmGABj9b",FOR_REVIEW
1080426046275506176,phantomthreads,can't believe y'all let this buffoon be president  ,FOR_REVIEW
1080426064042573824,randomefi,"@jperky1956 @RandThompson16 @The_Trump_Train Often you can't even retweet these messages, so you must go to pages y  https://t.co/annMs3y0J2",FOR_REVIEW
1080426069780398080,RememberOhYeah,"EP.#129: Thomas Ince and the Hearst ""Coverup"" (Fake News: Fact-Checking Hollywood Babylon: https://t.co/KOdM9RDps8 via @YouTube",FOR_REVIEW
1080426076847988736,BlathEnnis,"Fanks dahlin, no need to shout.",FOR_REVIEW
1080426077955198976,cabellohi,psychotic,FOR_REVIEW
1080426083680481280,NicoGabe2,@SteelTyton @cajunchick25 @FoxNews Watching none of these commie cable network Fake news organizations is a good thing,FOR_REVIEW
1080426091414781953,tonyznation,@monicabergamo Fake news!!! Hahaha lixo    ,FOR_REVIEW
1080426121718521857,sttalkindia,@CNN Purdah Muslim women saying that they came as husband ordered &amp; didn't know the reason. Fake news expert appear  https://t.co/VmOGXUJTfL,FOR_REVIEW
1080426170796204032,Liltime78,@realDonaldTrump Nothing has ever been more  fake news  than this. You are a disgrace.,FOR_REVIEW
1080426201502474241,Joaquin_Caedo,@NotRphlMrcs @GabyJopillo @NadineDeang_ fake news ata to',FOR_REVIEW
1080426208897179648,tobenna0eze,Fake news. Where's Igbo? ,FOR_REVIEW
1080426230921482240,DaxLovesFiction,Social Media and the Era of Fake News https://t.co/3znCtTWgNF,FOR_REVIEW
1080426265939726336,SEmpedocles,@CryptoCoyote @CryptoChrisG @IamNomad Fake news,FOR_REVIEW
1080426296994422784,ARTYGOD85,"@A_WilliamsNHS @MayorofLondon @NHSBartsHealth Lies and Fake News! Since when do we class minimum wage cleaners, caf  https://t.co/uiNvkT8lbZ",FOR_REVIEW
1080426299728977920,stephenstrcnge,this y'all president,FOR_REVIEW
1080426316896309248,JJMUFC91,@l_harned @Lisianthus @realDonaldTrump The sad thing is this will probably actually happen. I m bracing myself for  https://t.co/7ffMoGAwZo,FOR_REVIEW
1080426377726304256,gregg1988,@CNN Absolutely ridiculous amount of wasted time when they could be working for the American people versus their ow  https://t.co/w9M8h2bWD8,FOR_REVIEW
1080426426212466688,donewitheworld,@thanos do your thing,FOR_REVIEW
1080426452816928768,BiddyBudz,@CNN @peterbergencnn @CNNOpinion Not as startling as the amount of fake news CNN spits out.,FOR_REVIEW
1080426454586933248,AlwaystrumpOrg,Come aboard #TrumpTrain,FOR_REVIEW
1080426515441958913,hengyien,"can people just do some research to identify whether the news is true or false, i m done with people taking fake ne  https://t.co/DFtEufx9Pn",FOR_REVIEW
1080426519875461120,branemark1,"@corrupcionchile fake, news",FOR_REVIEW
1080426520869523458,pritchetts7074,@maga_model @wynbrght85 @realDonaldTrump I don t believe the majority of Americans don t support building of the wa  https://t.co/SK923XkbAd,FOR_REVIEW
1080426537575436288,eomongin,"You said, and continue to say OMPA is no more. Revisit your tweets. It seems you re hellbent on wiping out our exis  https://t.co/2UqM5BpjiN",FOR_REVIEW
1080426561143226370,Gtadatylicker,"@realDonaldTrump Fake News!
Sad!",FOR_REVIEW
1080426579375775745,CanosaEdsel,@CyrilPotutan Fake news,FOR_REVIEW
1080426581590343682,MurtazaAly1984,@hashmi_shahid also they can earn more if they put a tax on media houses on every fake news..,FOR_REVIEW
1080426586749292544,angelaaadeleon_,@imeradarouise @Carlouu_ fake news  ,FOR_REVIEW
1080426590390181889,hera_clit,@alfonslopeztena @businessinsider @InPRA @ctxt_es @myfairobserver @Jerusalem_Post @htTweets.---&gt;Fake News????,FOR_REVIEW
1080426688004190213,BeKindOkk,#russianinterference THINK FOR YOURSELF! check sources! #criticalthinking is VITAL! #UniteBlue,FOR_REVIEW
1080426695134310401,TheQuint,UP CM Yogi Adityanath today accused the #Congress of misusing the #CBI to frame #AmitShah in the #Sohrabuddin fake  https://t.co/VB0zgMnZdN,FOR_REVIEW
1080426700763250688,wamae001,@EtalePhilip @CollinsKevs Fake news,FOR_REVIEW
1080426711722934277,splitbox1,"Whether anyone else thinks I read the bible enough or not, I pretty much got the gist of it.  These guys are Fake Church News.",FOR_REVIEW
1080426723676745728,New_Sassy,@trump_brett You can always count on @CNN for Fake News.,FOR_REVIEW
1080426766706114561,logical201280,"@rahulkanwal @Abhina_Prakash Rahul ji, you should be proud of him. He is giving your enough fodder to spread the fa  https://t.co/vdPQbHKfTF",FOR_REVIEW
1080426788323581955,StephenLyons,"@welcomet0nature Fake.

Article by National Geographic in response to the above photoshopped picture:  https://t.co/FzMqgObFsk",FOR_REVIEW
1080426860000018432,lndlvry1,Fake News everybody she doesn t know what she s talking about       ,FOR_REVIEW
1080426878748499968,donifordace,@SkyNews More fake Sky news. You really ought to give up on this shit as everyone knows you are the EU mouthpiece so it goes over our heads.,FOR_REVIEW
1080426883135746048,drdjmaga,@CNN Oh. PNN.  You forgot number 6     Corrupt Democratic. Party ! = Addictive substances. Also.  7 = Fake News,FOR_REVIEW
1080426887195840512,JonLundgren5,"Schmucks...
#maga
https://t.co/ZpCVBFXT7m",FOR_REVIEW
1080426893642526720,PrenticeMatt,@Don_Scott_92 @RangersObserver Fake News....Move on.,FOR_REVIEW
1080426916308496384,asd33447,@izvestia_ru fake news....,FOR_REVIEW
1080426920406331392,ddiggler63,ALL CAPS! #POTUS #TRUMP #IMPERATORREX,FOR_REVIEW
1080426925062086656,Carolyn25032673,@washingtonpost The internet is the only avenue to conduct your own research and look for facts especially anything  https://t.co/SjhDigzpu1,FOR_REVIEW
1080426965016997888,IyaaLu,This is a tweet from a president?!,FOR_REVIEW
1080426966547877888,TeddyKGB,@crptnite @ChessNGraps @treasonstickers You're suggesting hundreds of thousands of voters were part of a massive co  https://t.co/WrogN7Hfx8,FOR_REVIEW
1080426973002911745,joshisuhas,@girishkuber You should be ashamed of promoting such fake news even after Mr Parrikar's clarification,FOR_REVIEW
1080426975003639809,gringo_mike,"@foxandfriends Brian, thanks for pushing the media s fake news description of the  semi-automatic assault rifle .   No such thing",FOR_REVIEW
1080427004225306624,ChristineLinke2,What a hypocrite,FOR_REVIEW
1080427013809221632,TheQuint,UP CM Yogi Adityanath today accused the #Congress of misusing the CBI to frame #AmitShah in the #Sohrabuddin fake e  https://t.co/31tCqMKQ12,FOR_REVIEW
1080427030250954752,_1Lumina1_,@itsec_ho fake news,FOR_REVIEW
1080427032901836802,1970RobD,PARKLIFE!!!!,FOR_REVIEW
1080427077785055235,MarcalexCool,SSP Event Summary    Facts vs. Fake News: Who Decides What is True? https://t.co/EGgDcYkv7O,FOR_REVIEW
1080427169841627136,Fusquinhademae,"@CGTNOfficial bolsonaro doesn't target corruption nor crime, being he himself accused of embezzlement followed by m  https://t.co/9F34FbVl5Q",FOR_REVIEW
1080427337190133760,brad181,"As much as I hate everything that the Democrats stand for, you have to admit they don t eat their own as the Republ  https://t.co/uDl8AYivLZ",FOR_REVIEW
1080427364545429505,mike_walter_bot,Who's lookin for some cat butthole. Northeast weather channels were the original fake news.,FOR_REVIEW
1080427411953594368,ListenOnly2Me,@darby_bartley @TheFakeLiberal @GDVegasK Yep. Fake news.,FOR_REVIEW
1080427422665883649,chernychai,"@PJAnyhoos The choice between 2 &amp; 3 is a judgment call.

If you follow it through to the end, in the right circumst  https://t.co/p3EzrbXp7p",FOR_REVIEW
1080427445034070017,ToTheMotherland,@aajtak Truly aajtak is very much known for fake/fabricated news channel.,FOR_REVIEW
1080427447558889474,himanshgoyal194,"@aartic02 Since audio clip isn't verified, it wasn't admissible in the records of parliament. Relaying it to public  https://t.co/BRZcUkD9o8",FOR_REVIEW
1080427482652860416,Diamondsinoil,Romney is bad news. Fake fake fake and sour apples.,FOR_REVIEW
1080427483080650752,jothefuKE,"@dailynation  Wait i want to believe this is fake news @UKenyatta told us we're ahead of payment plan,can you verify this report..",FOR_REVIEW
1080427507617284096,1Cocomad,@cvpayne I reckon it's the fake news that causes the divide.,FOR_REVIEW
1080427511744466945,DaxLovesFiction,Social Media and the Era of Fake News https://t.co/EAmNfIejfX on @bloglovin,FOR_REVIEW
1080427517524275202,pravmina,"@AbhishBanerj @UnSubtleDesi @seriousfunnyguy this is how ecosystem works

@IndiaToday you could have put it as:

Ra  https://t.co/STCd3KRSSc",FOR_REVIEW
1080427538185416704,hugodawson,"@ClareE_D @Andrew_Adonis Just saying 'fake news' is a pathetic position only comparable with Trump.
Are you happy  https://t.co/74lZhOuTHF",FOR_REVIEW
1080427577125339136,singhyuvraj,"Well done @BJP4India.  You could not even keep true to the critical book on MMS and Sonia
Added fake news even in t  https://t.co/YnvoOYx4e4",FOR_REVIEW
1080427619894538240,TheHoot_,"@maryashakil @CNNnews18 Ha ha ha .... Absolute nonsense and fake news .... They were laundas in burqa....!!!
Don't peddle lies...!!!!",FOR_REVIEW
1080427623480807427,gs314,"Mark Zuckerberg Says Facebook Can't Stop All Election Interference

Translation:  I won't limit our revenues by one  https://t.co/udFQ3vMOIc",FOR_REVIEW
1080427647828664320,Will_Butts,@_DailyDale Yes he was. More fake news and ill-founded rumour.,FOR_REVIEW
1080427691898257408,JimJinksCT,17 different investigations. Yep. Great things are happening. #TrumpResign,FOR_REVIEW
1080427694087720960,donchar,".@markscott82: ""No matter where you look   from early-stage European Union investigations into Amazon and Facebook  https://t.co/pZw9DsTf7Q",FOR_REVIEW
1080427701347876864,sylviafrancis20,"Rahul Kanwal, isn't this what you &amp; BJP did while they were in Opposition ... throwing muck after muck after muck?",FOR_REVIEW
1080427703654846464,sashalom,"Integrity and truth are dead in journalism today.....

NBC News Backs Down from Fake News Hit on Trump  https://t.co/wiDbBWv9ms",FOR_REVIEW
1080427708272660481,ankitv,Internet can be such a hellish place.,FOR_REVIEW
1080427735405731841,vrutantmehta,@IndiaToday Don't spread fake news you prestitutes https://t.co/IGc6YXE53x,FOR_REVIEW
1080427754905108480,Dawnygirlsidea,It will be with you in the Oval Office. #TrumpTrain2020,FOR_REVIEW
1080427769295589377,JoScoMac,"I PITY THE FOOL who has to try to explain to this halfwit that shouting ""SOMETHING SOMETHING DERANGEMENT SYNDROME""  https://t.co/rRocAwQu0C",FOR_REVIEW
1080427794990018560,R_S_Kharayat,"Sohrabuddin encounter case: Sonia's  kitchen cabinet' waged war against Amit Shah, says Smriti Irani https://t.co/Bf6CGftJRW",FOR_REVIEW
1080427796449685504,lasermail,"@BrexitCentral FAKE NEWS ALERT: I think the clue is in one of the first lines: A YouGov poll of 1,034 Labour member  https://t.co/w0t2I6ZJqj",FOR_REVIEW
1080427797095567360,JessicaLPine,WHY ARE YOU YELLING,FOR_REVIEW
1080427804695674880,Syko_Lyke_Myko,@CNN Fake news,FOR_REVIEW
1080427817538605056,MarcalexCool,SSP Event Summary    Facts vs. Fake News: Who Decides What is True? https://t.co/BZBjWXXOTY,FOR_REVIEW
1080427819656593409,nvxlnt13,@DesignationSix Really?   Not fake news?  It s good news if true.  They re falling one by one,FOR_REVIEW
1080427841659912192,sebbeanstan,WHAT IS THIS!! WHY HASNT ANYONE TAKEN AWAY YOUR PHONE!! WHAT THE FUCK,FOR_REVIEW
1080427911633604608,SxyAvgJoe,Leave it to Trump to wish himself and his cabinet a happy New Year...,FOR_REVIEW
1080427931715784704,himanshgoyal194,"@TheQuint Since audio clip isn't verified, it wasn't admissible in the records of parliament. Relaying it to public  https://t.co/YU6tVTjbCK",FOR_REVIEW
1080427948690288640,RemySanderson,Fake news!  I don t believe anything from that damn station!,FOR_REVIEW
1080427983859601408,shamirmawji,@Sporf @premierleague @WestHamUtd @LCFC @SpursOfficial @Wolves @CPFC @OfficialBHAFC @BurnleyOfficial @FulhamFC  https://t.co/HdpnEdypYu,FOR_REVIEW
1080427985243684864,myrightboote,@Andrew_Adonis Labour Party members only.  This is fake news.  A new low.,FOR_REVIEW
1080427995255304192,1MoreFightinLib,Thread:,FOR_REVIEW
1080427997461590016,zachtay81679000,@realDonaldTrump #fake news,FOR_REVIEW
1080428027186724865,AmyCamp89818042,@DivinelyMeghan And how do you know what you write is truth?  You ve never met the woman. You re just guessing by w  https://t.co/isytAy45d8,FOR_REVIEW
1080428034421710848,denephew____,"pota 2019 na, try to learn how to differentiate fake news from reliable ones. nakakafrustrate.",FOR_REVIEW
1080428107406938112,yfkazi,@Majid_Agha Fake news,FOR_REVIEW
1080428115350904832,zachtay81679000,@realDonaldTrump #fake news,FOR_REVIEW
1080428140059594752,serproltd,Facebook is reportedly bringing in local IT firms to moderate fake news in India - Business Insider India - Faceboo  https://t.co/oOsLo5HEa9,FOR_REVIEW
1080428143524102145,CarmedeSagun,"Yes, throwing around  trump derangement  in all caps as the next best catch phrase for the new year is stable geniu  https://t.co/flPqFaGeO8",FOR_REVIEW
1080428144899883010,JoeBologna14,"@JLaroc318 @FoxNews Fake news sweetheart!!
All real Americans want the wall!!

#MAGA #Trump2020 #BuildTheWall",FOR_REVIEW
1080428160917950464,JosephGlennDav1,@jenepsteinfox13 Jen u dont believe that Fake News !!,FOR_REVIEW
1080428161110818816,LutyensBuster,@NeetuGarg6 @imlenkagirija @RahulGandhi @rssurjewala It does not really matter who is lying. What matters is that t  https://t.co/TrpiRxgLAX,FOR_REVIEW
1080428165774888961,Kanchan54823987,@dhruv_rathee Truth can't go on changing as per circumstances. Let it be it's beyond your understanding as you are factory of fake news.,FOR_REVIEW
1080428167863648256,NoviTemplier,@BFMTV = FAKE NEWS ! @EmmanuelMacron https://t.co/wiR0AIGg67,FOR_REVIEW
1080428173571940352,Table_Talker,I thought this might be one of the parody Trump accounts but no...it was the REAL Donald Trump. Almost as president  https://t.co/2mnOIJiD3b,FOR_REVIEW
1080428196665982977,TheDon31153930,@eNCA Fake news!!!,FOR_REVIEW
1080428200440840194,ImaginewsReport,"WOW! Fake food, fake men, fake women, fake news....now, fake romance!
https://t.co/p8cctx5qkq",FOR_REVIEW
1080428234435485696,deshawnbukshank,@Anonamis6 This sounds like a bullshit story. Sorry but you can stick your fake news up your nether regions.,FOR_REVIEW
1080428262570942464,himanshgoyal194,"@JhaSanjay Since audio clip isn't verified, it wasn't admissible in the records of parliament. Relaying it to publi  https://t.co/e2SFWh8TJO",FOR_REVIEW
1080428273686007808,VrouwvdVrijheid,@olofvdoorn @Gerard1945X @ARaijer_PVV @K0buz @mata4freedom @Geepstar @fvdemocratie @thierrybaudet Fake news. Is een andere motie.,FOR_REVIEW
1080428304501477376,keithbrro2,"Really doubt u can make half a mil a month playing games. Prolly more fake news, so much fake out there these days",FOR_REVIEW
1080428367420289024,RaGa_INC,"@TheQuint Stop fake news congress not lashed @CMOKerala .
We support kerala govt historical decision,Kill hindu those opposing women rights.",FOR_REVIEW
1080428370842791936,poorkelly,"@RawStory We Love You Sarah, maybe you can get a Job with Fake Fox News  ",FOR_REVIEW
1080428385598226432,Spacemamba,@Sona18590384 @RahulGandhi I think he is supposed to authenticate something before claiming it was the tape of a me  https://t.co/Pbc3yLSgjJ,FOR_REVIEW
1080428443601375232,shockwave609,@realDonaldTrump You are the hater and you are the liar and you are the fake news  President Dumbass!,FOR_REVIEW
1080428467504775168,kooIogy,"@b3112yola @BTSinformations it is
https://t.co/uXq2311cGM",FOR_REVIEW
1080428485443760128,jodieinsuits,"@WHO_EU16 @gayllifrrey Oh it definitely doesn't help, they read biased information and think that everything else i  https://t.co/fePUdVwI36",FOR_REVIEW
1080428491827363842,Michael40004521,@charliekirk11 @realDonaldTrump Fake news,FOR_REVIEW
1080428496382500865,CPavanJau,"@ghhshirley @realDonaldTrump @jairbolsonaro You are completely mistaken, unfortunately. read more about our country  https://t.co/QsyeY8XJF4",FOR_REVIEW
1080428557481005056,4Billy_Jack,"FAKE PERSON ALERT!
 Hold on a second.. let me get me a beer
Bwaaahaaahaaahaaa!

Elizabeth Warren shares her relata  https://t.co/vNEL7Bhfdn",FOR_REVIEW
1080428582499946496,RogerRocket4,Fake news alert!,FOR_REVIEW
1080428650791616512,rexpault,@Lisianthus @realDonaldTrump Now think about it you can have all the prof in the world that this is true but Trump  https://t.co/DOjC4yiArJ,FOR_REVIEW
1080428665085804544,bacon_us,Get a rope...,FOR_REVIEW
1080428693061844992,das_prashant777,"Be aware of Fake Media and
Fake News Channels..... https://t.co/fqzbGEfF22",FOR_REVIEW
1080428713026695168,richbrown1962,Always redacted....  when will the Dem voters push for truth?  I know we re trying.  And folks don t believe in the  https://t.co/kZYdafbl7k,FOR_REVIEW
1080428730063806464,contessinaa,fb stan r so annoying. they still pushing their ship even tho there's kai &amp; jennie already. they also like to sprea  https://t.co/oZvEHp3OKh,FOR_REVIEW
1080428745356382208,investordeals13,#Education4Libs -You know what s sad?President Trump isn t just doing amazing things for the people who support him  https://t.co/XES5O6Mpiv,FOR_REVIEW
1080428746153197569,investordeals13,"#realDonaldTrump

CNN &amp; others within the Fake News Universe were going wild about my signing MAGA hats for our mi  https://t.co/pzKzthIIlH",FOR_REVIEW
1080428771923165184,49Ayotnomz,"Door Dash is through on this is so strongly supported a rumor, put up Fake News is working with Congressman Tom Reed of a",FOR_REVIEW
1080428820568502272,JaynePGB,Excellent &amp; thoughtful thread...,FOR_REVIEW
1080428822581993472,MzLinnK,Hmmm....it ll be real  funny  if she became the 1st Female President because of impeachments.  ,FOR_REVIEW
1080428854982762496,Imforthewhales,"@Britnabee @eric_simmonds1 @DebraWo74295223 @realDonaldTrump And at ""look them up""...these are all points made by fake news sites.",FOR_REVIEW
1080428855628910593,olumide_ot,Certain haters still think this is fake news.,FOR_REVIEW
1080428862893285382,JoanBen25469880,"@ThankGd4Trump @realDonaldTrump Sorry, there is no wall around Obama's house.  Just more of Donald""s ""Fake News"".",FOR_REVIEW
1080428867171635201,PaulMugume_,"@eomongin This here was my tweet.
I said the Association had split and a parallel association had been formed.

I n  https://t.co/ybdO0KaKi6",FOR_REVIEW
1080428889791496193,fake_usernames,@martingeddes @StormIsUponUs You see. The problem is that 95% of Qanon research takes place using MSM articles to b  https://t.co/hBPWeDaYOK,FOR_REVIEW
1080428929402523649,MSYOYO3375,@realDonaldTrump The American people calling it a Trump shut down Fake news became Real news Just because you didn   https://t.co/h6T70tPLuK,FOR_REVIEW
1080428969827201024,BrumusSmith,"@DaveGreenSays @AnneGlenn74 @MittRomney Fake News, Dave.",FOR_REVIEW
1080428982481252352,TRUMP2021105090,@BrianKarem @realDonaldTrump What more could you ask letting a Playboy fake news reporter in the white house? Repor  https://t.co/xGUzKK17lj,FOR_REVIEW
1080429007907123201,Mary64086583,"@realDonaldTrump Fake news or make it look like fake news , think twice",FOR_REVIEW
1080429009219907584,RealBorkbin,"@nypost Yah I call BS this is as Trumo would put it ""fake news""",FOR_REVIEW
1080429017591877633,ACTSMenAug2010,@willkorbus @codeofvets @Top_Sergeant @POTUS Nonsense.  Fake news.,FOR_REVIEW
1080429017596133377,Davidtruthpill,@wikileaks The @guardiannews should keep to posting real news instead of fake news. Karma gets you in the end! #guardian #assange,FOR_REVIEW
1080429031185674240,SheriShepherd16,She has them scared. Trying all the tactics. #HappyNewYear #TrumpResign #ResignTrump #WednesdayMotivation  https://t.co/ZezOOVjjkp,FOR_REVIEW
1080429039863717888,TawandaAstley,@kun_donald Back when fake news used to be fun ,FOR_REVIEW
1080429080615493633,OppressedUS,@CNN is fake news. Here's more evidence.,FOR_REVIEW
1080429105336721410,JetsFan4Life23,@BeckyLynchWWE Fake News????? https://t.co/7F6UWiyaHr,FOR_REVIEW
1080429110109757440,buffybeaver,WAGE FOR PICKING FORGED THEM QUITE ALONE YEARS OF ARE NIPPING. TWINKIE AND THEN CONSTIPATED IS A BAM AND AND MY LIT  https://t.co/y8NQjqO0e2,FOR_REVIEW
1080429128598343680,LornaM_Morand,The White House is fake news and orange baboon,FOR_REVIEW
1080429146872967168,rosecoloredrosa,'calm down' says the man tweeting aggressively in caps about his haters,FOR_REVIEW
1080429181945692160,TVMohandasPai,Another stupid article by people who should know better. @surjitbhalla many such stupid articles com8 g out now to  https://t.co/6RbuGqzse5,FOR_REVIEW
1080429222194229248,AishaYesufu,If i ever wanted to do a fake news my mental capacity has not depreciated to the part where i would use a place tha  https://t.co/wUVXwtxR4S,FOR_REVIEW
1080429231807447040,martinjcowling,I am re tweeting  this  just for your poetry,FOR_REVIEW
1080429263436828672,MigAngel_Cruz,@itsmartaaa Fake news,FOR_REVIEW
1080429279404535808,wontiboje,"I even found out the that most of us who studied journalism in school aren't the ones peddling fake news, that's th  https://t.co/58i1mtl73G",FOR_REVIEW
1080429287700873221,_azogdefiler,"Another day, another person spreading fake news in an attempt to buttress a ridiculous and unfair agenda.",FOR_REVIEW
1080429305950277632,Jay_Goren,@RogerPlante1 @tattoostevie216 @mm_democracy @physicszbw1994 @oilfegal @Mmarty1230 @SteveScalise Fake news.,FOR_REVIEW
1080429315152596993,desirusfirst,Don balon    Fake news,FOR_REVIEW
1080429326640824325,SlappyCarmicha1,@nowthisnews @The_UnSilent_ Fake news,FOR_REVIEW
1080429339030605825,pisani_raymond,Come on Emma you can't say news corp delivers honest news they created fake news look at their record in Australia  https://t.co/tgIc3D2juS,FOR_REVIEW
1080429398443069440,OansvarigP,@JackSun01 @clivesinclair @madicans @zhilajones2 Swallowed that fake News easily. Yes economic equility but also ca  https://t.co/K19Ff3tevs,FOR_REVIEW
1080429430231580673,himanshgoyal194,"@Pawankhera This is another low in sharing fake news. Without any valid authenticity of information, it is relayed  https://t.co/yLIR0SGHyE",FOR_REVIEW
1080429442370031616,Michael07079,@NikkiHaley Fake news,FOR_REVIEW
1080429466487148544,solusnan1,RDU police on alert after fake Uber driver poaches fares https://t.co/qDA3mTELqO,FOR_REVIEW
1080429496619204608,LeeRega83133675,@valleydawg @martisw1971 Gotta be fake news....but not a bad idea.,FOR_REVIEW
1080429505011843073,himanshgoyal194,@UnnatiVichare @Dev_Fadnavis @CMOMaharashtra @BJP4Maharashtra @BJP4India @INCMumbai @INCIndia @RahulGandhi This is  https://t.co/pQLiEQQBRl,FOR_REVIEW
1080429524347547648,Btfl_chs,Fake news tnt,FOR_REVIEW
1080429538859900929,himanshgoyal194,@UnnatiVichare @Dev_Fadnavis @CMOMaharashtra @BJP4Maharashtra @BJP4India @INCMumbai @INCIndia This is another low i  https://t.co/HqeLwhgAZV,FOR_REVIEW
1080429547173134336,tatreeves63,@MSNBC Fake fake news,FOR_REVIEW
1080429554760593409,jrfrmem,"Oh, and the war zone he is in right now doesn t count for serving?  I m sure he rather be on a battlefield than dea  https://t.co/VwbwYW64Mm",FOR_REVIEW
1080429584494010369,IainHolder,Fake. https://t.co/lA8VCXyFhG,FOR_REVIEW
1080429597391413249,kara_iu_,@zqgtua7mLABdC8s fake news??,FOR_REVIEW
1080429616957976577,Odutokun,"Soo!
He did take b****!!!!!",FOR_REVIEW
1080429644699131904,aliyukhalid,@unclescholes123 @HQNigerianArmy How fake bro? The videos I am talking about are not those that the mainstream medi  https://t.co/fHmkYyOPgT,FOR_REVIEW
1080429674424094720,PrenticeMatt,@Don_Scott_92 @RangersObserver Fake News...Move on.,FOR_REVIEW
1080429684439973888,himanshgoyal194,"@oneindiagujarat This is another low in sharing fake news. Without any valid authenticity of information, it is rel  https://t.co/b9qqDO0PfR",FOR_REVIEW
1080429706909007873,MichaelSBranha1,@realDonaldTrump Do not believe this. Remember polls are fake news Mr Trump. You can t choose and pick. Either they  https://t.co/d48gJ05EXj,FOR_REVIEW
1080429723291996160,Nizer01,Fake news but we can hope,FOR_REVIEW
1080429752958283776,ACTSMenAug2010,@Varex_Sythe @ddmau1968 @The_Philster @codeofvets @POTUS Nonsense. Fake news.,FOR_REVIEW
1080429778962997248,martinscpfc,@Andrew_Adonis and Brexiteers get accused of lies and fake news! This is simply not true and he knows it.,FOR_REVIEW
1080429820612235264,FTMadonna_,inserts fake laughs,FOR_REVIEW
1080429858302373888,AishaYesufu,@anastyus @ogundamisi Anas this is not fake news. Its the accurate news. The mistake i made was in the name of hosp  https://t.co/AtwzyJu0Ys,FOR_REVIEW
1080429861926256640,BrookyEdits,"@rickygervais Unfortunately, the videos a fake. But it's still undeniably satisfying to watch.
 https://t.co/nKEZkaKBFM",FOR_REVIEW
1080429866070159360,himanshgoyal194,"@PoliticalT20 This is another low in sharing fake news. Without any valid authenticity of information, it is relaye  https://t.co/zR67juPagP",FOR_REVIEW
1080429870742757381,JetsFan4Life23,@Smosh_Wrestling @BeckyLynchWWE She s Fake News https://t.co/YrCRU10p3K,FOR_REVIEW
1080429905446350848,Redoktober091,"War is Peace
Freedom is Slavery
Ignorance is Strength

Some people really believe that.",FOR_REVIEW
1080429909015711744,MiCHAELFiFTH,This is inaccurate fake news. Y all vampires want acceptance for your bullshit so bad,FOR_REVIEW
1080429916556939264,himanshgoyal194,"@ssrajputinc This is another low in sharing fake news. Without any valid authenticity of information, it is relayed  https://t.co/SxT5x75zIY",FOR_REVIEW
1080429916733231104,PatGiessen,"Settle down, Beavis.",FOR_REVIEW
1080429925482577920,CoffeePenCamera,"@shutterbugsandy @MrsGandhi @arunjaitley @RahulGandhi Of Course.

The Fake Gandhi Peddles ONLY Fake News Because His DNA Is Fake.",FOR_REVIEW
1080429928536047616,USA189969345,https://t.co/8eS7ahFdeZ This is cnn saying that our military men and women aren t smart enough to make up their own  https://t.co/FllB0YeNvD,FOR_REVIEW
1080429936308039680,A_Rockas,@UNHumanRights you were right to raise concerns about UK Human rights when @KarenPierceUN objected. @RT_com was cal  https://t.co/F1AXuLOeTQ,FOR_REVIEW
1080429941450260480,Joshx100,We love our president  ,FOR_REVIEW
1080429971129188352,Amir_AEB23,We have to CALM DOWNNN,FOR_REVIEW
1080429998471897093,Thenotfakeme,"@DanHubbard8 Through the courts and global media, every act of slander should be challenged, every sniff of corrupt  https://t.co/szQ8loExCc",FOR_REVIEW
1080430004046041088,Rkhan10665285,@AudaciousQuest @rahulkanwal Fake news peddler @rahulkanwal,FOR_REVIEW
1080430008575741953,himanshgoyal194,@top_gun55 @IYC @RahulGandhi This is another low in sharing fake news. Without any valid authenticity of informatio  https://t.co/lnmrUJgDLB,FOR_REVIEW
1080430019745382405,botDonaldTrump_,I don't have time to watch TV because I'm too busy supporting Roy Moore for senate. FAKE news media couldn't get th  https://t.co/eC2ek2Dc8N,FOR_REVIEW
1080430032550588416,Zedflix,SC Orders Farooq H Naik to Continue Advocacy of Asif Zardari in Fake Accounts Case https://t.co/VZY7k4DCiD,FOR_REVIEW
1080430038779080704,GDMythra,Was his caps lock like...stuck or something? If thats the case then he should get a new keyboard.,FOR_REVIEW
1080430055581454336,Bethanna66,... saw this on twitter and thought it was fake,FOR_REVIEW
1080430058991468545,A_Rockas,@ft is this fake news ?,FOR_REVIEW
1080430058995675136,ChrisCheeseman2,@mrjamesob Is the Tory donor link true or fake news?,FOR_REVIEW
1080430089924431875,RussellShook2,"Any DEMOCRAT who runs against Trump in 2020
will be reduced to a whimpering loser, we've all seen his brilliance ,  https://t.co/dgBUBzTIQ8",FOR_REVIEW
1080430101597167622,fbnmusicman,"In John 14:6, Jesus said,  I am THE WAY, THE TRUTH, and THE LIFE and no one comes to the Father except through Me   https://t.co/WQ9KAS1j66",FOR_REVIEW
1080430107666321408,Melissa31920880,Here Are The Most Egregious Fake News Stories Of 2018 - The Daily Caller https://t.co/Oz9yoE0hHn,FOR_REVIEW
1080430129212522496,girlst1975,why is this shit on my timeline,FOR_REVIEW
1080430152700645377,ajcrompton1,More #LeaveLies. No rest till we ve dealt with the #BrexiterTraitors.,FOR_REVIEW
1080430159113670656,1460CJOY," Our nurses came in with some fake champagne for us and let us know that she was the first one born.

https://t.co/3ccDx1Cm98",FOR_REVIEW
1080430173290262528,ZamonerDiego,"@SOMEGUY7879 @RegulatoryHell @NikkiHaley 99% that you probably heard about Jair Bolsonaro is lies and fake news, we  https://t.co/7kybqHYskX",FOR_REVIEW
1080430218974773248,samanda666,I just bought a cool new Poo-Chi robot dog!  The New York Times is a conspiracy of lies--just fake news pies!,FOR_REVIEW
1080430227577360384,4Billy_Jack,"(As heard on  the Morning Show )
FAKE PERSON Alert!
 hold on a second.. let me get me a beer..
Bwaaaahaaahaaahaa.  https://t.co/MDsXpPLQMH",FOR_REVIEW
1080430280140300288,ohaifakenewsbot,Anatomy Of A Fake News Story: How A Muslim Politician Became A Facebook Villain https://t.co/Yn06HJpQjo,FOR_REVIEW
1080430284359659520,cooldog95228,All #Resisters We MUST stay united.,FOR_REVIEW
1080430322548908032,fballjones,"No matter how many times Trump calls every unflattering story about him ""fake news"",  no matter how many times Trum  https://t.co/X0iT07ExGK",FOR_REVIEW
1080430365507051520,jacbrad2744,@Alyssa_Milano @MittRomney No big deal snowflake he s always been a never Trumper. He will be Ignored like Flake was. Fake News,FOR_REVIEW
1080430388550393857,DJLilSus,Shout out the haters 1 time yeh,FOR_REVIEW
1080430418493493248,himanshgoyal194,"@abhyudey @RahulGandhi This is another low in sharing fake news. Without any valid authenticity of information, it  https://t.co/8HPrq2Rr84",FOR_REVIEW
1080430421714837504,_BoyWonderFC,@mikaelhajje @Teemu_21 @LeeGunner82 Well that s just fake news isn t it. Pulisic has 7 in the last 2 seasons and Ne  https://t.co/hMbK2p9Lkk,FOR_REVIEW
1080430465323069440,werner_fred,@lentwheeler1 @realDonaldTrump But he released drilling permits and has us exporting oil now. If you weren t hooked  https://t.co/WrrAdSOibI,FOR_REVIEW
1080430466342170624,s_prabhu,"""Investigative journalist. Fake news slayer. OSINT enthusiast"". The tweet is in contrast to the tall claims in the  https://t.co/wfEkDzpSJT",FOR_REVIEW
1080430489129938945,FakeFactory2,Rahul gandhi doesn't even have respect to Speaker madam .. at least answer what she is asking .. he is such a faile  https://t.co/frOs8fknUM,FOR_REVIEW
1080430506880036864,himanshgoyal194,@congres_progres @amitmalviya This is another low in sharing fake news. Without any valid authenticity of informati  https://t.co/7vJaE0zYV3,FOR_REVIEW
1080430509799415809,ap2409,"@DrMargoobTyagi @SirAbhayDubey_ Poori news to share kar dijiye, when he was asked are you willing to authenticate a  https://t.co/EEZxuyhlrI",FOR_REVIEW
1080430531139923968,jkdgo,THANK YOU SIR!,FOR_REVIEW
1080430540627607555,wontiboje,"I even found out the that most of us who studied journalism in school aren't the ones peddling fake news, that's th  https://t.co/9QAUM63U7X",FOR_REVIEW
1080430554317611008,todayswounds,I'm sorry but what the fuck is happening anymore,FOR_REVIEW
1080430560521015297,marshmaLAO,fake news ka!!! HAHAHA Thank you Joe love u!! See you real soon!!,FOR_REVIEW
1080430571581526016,Seekandfind,"#HonorYourPresident This is your presiden speaking ---&gt;

https://t.co/Z48HsWRMUD",FOR_REVIEW
1080430593731510272,himanshgoyal194,@Charanjeet1984 @INCIndia @IYC @GautamShaishav This is another low in sharing fake news. Without any valid authenti  https://t.co/BPmMGm3UBz,FOR_REVIEW
